{
  "total_rows": 4121,
  "use_type_counts": {
    "2": 1858,
    "1": 618,
    "8": 351,
    "7": 331,
    "3": 315,
    "9": 259,
    "4": 217,
    "5": 134,
    "6": 38
  },
  "floors_min": 0,
  "floors_max": 78,
  "floors_mean": 8.82,
  "lon_min": 22.50796488,
  "lon_max": 113.95378368,
  "lat_min": 22.50816255,
  "lat_max": 113.95386286
}